{
  "project_info": {
    "project_number": "645906598577",
    "project_id": "firebase-tennis"
  },
  "client": [
    {
      "client_info": {
        "mobilesdk_app_id": "1:645906598577:android:7bd1545714c8086d",
        "android_client_info": {
          "package_name": "com.bicubic.tennis"
        }
      },
      "oauth_client": [
        {
          "client_id": "645906598577-he0etjltr3n956nbeip5if9hp5ov715t.apps.googleusercontent.com",
          "client_type": 1,
          "android_info": {
            "package_name": "com.bicubic.tennis",
            "certificate_hash": "A7D430575F258C90C1D6C59C25147DC4A300B420"
          }
        },
        {
          "client_id": "645906598577-2a5uilrhovn664mg698q44o7fcrg0uvj.apps.googleusercontent.com",
          "client_type": 3
        }
      ],
      "api_key": [
        {
          "current_key": "AIzaSyAQlraGEgmHqK_h6pn0cbirciLS0zCTMzw"
        }
      ],
      "services": {
        "analytics_service": {
          "status": 1
        },
        "appinvite_service": {
          "status": 1,
          "other_platform_oauth_client": []
        },
        "ads_service": {
          "status": 1
        }
      }
    }
  ],
  "configuration_version": "1"
}